ID,Plant,LOG initial,Initial conc
434_72,Cornell Dairy,1.200933979,15.88305276
434_72-1,Cornell Dairy,2.317059664,207.5198591
434_73,Cornell Dairy,1.001622798,10.03743621
434_73-1,Cornell Dairy,1.071733986,11.79597887
439_63,Cornell Dairy,1.952165222,89.57054616
