LOG DI,LOG D7,LOG D10,LOG D14,LOG D21
0.397940009,5.602059991,7.727541257,7.759667845,7.755874856
0.397940009,5.602059991,7.814913181,2.646403726,8.829303773
0.397940009,5.602059991,6.802773725,8.276461804,8.599883072
0.397940009,5.602059991,7.736396502,8.359835482,7.562292864
0.397940009,3.762678564,5.639486489,0.397940009,0.397940009
