ID,Plant,LOG initial,Initial conc
435_12-1,Stewart's,1.125230338,13.34228884
435_13-1,Stewart's,1.285130592,19.28104605
442_83,Stewart's,-1.127697771,0.074525042
