ID,Plant,LOG initial,Initial conc
433_22,Hood-Concord,-0.681423174,0.208246076
438_23-2,Hood-Concord,0.353288651,2.255737975
440_82,Hood-Concord,-0.462738767,0.344557123
440_82-2,Hood-Concord,-1.127697771,0.074525042
440_83-2,Hood-Concord,2.446234765,279.4053807
