LOG DI,LOG D7,LOG D10,LOG D14,LOG D21
0.397940009,0.397940009,3.487138375,4.972202838,5.352182518
0.397940009,4.053078443,6.549003262,6.916453949,8.096910013
0.397940009,2.866287339,7.100370545,8.369215857,8.376576957
0.397940009,0.397940009,0.397940009,5.602059991,0.397940009
0.397940009,4.42975228,7.06069784,0.397940009,0.397940009
