ST,Frequency,mu
119,0.218%,0.140732672
100,3.050%,0.140732672
47,0.220%,0.133160379
92,0.218%,0.133160379
64,0.220%,0.125469227
85,1.310%,0.125469227
95,0.440%,0.125469227
23,4.357%,0.125469227
65,0.440%,0.121644917
68,0.440%,0.121644917
143,0.218%,0.121644917
56,1.307%,0.121644917
16,7.190%,0.116014298
59,0.220%,0.116014298
146,0.436%,0.116014298
