ID,Plant,LOG initial,Initial conc
436_92,Hood-Agawam,-1.465559237,0.034232669
438_12,Hood-Agawam,1.602176553,40.01073714
441_62-2,Hood-Agawam,-1.127697771,0.074525042
441_63-2,Hood-Agawam,-0.189684477,0.646123479
