LOG DI,LOG D7,LOG D10,LOG D14,LOG D21
0.397940009,0.397940009,0.397940009,5.243038049,0.397940009
0.397940009,4.071882007,0.397940009,0.397940009,0.397940009
0.397940009,0.397940009,0.397940009,5.602059991,0.397940009
0.397940009,3.294466226,5.439332694,7.495544338,0.397940009
