LOG DI,LOG D7,LOG D10,LOG D14,LOG D21
0.397940009,0.408239965,7.294466226,0.397940009,0.397940009
0.397940009,2.051152522,7.294466226,2.559906625,8.812913357
0.397940009,0.397940009,0.397940009,5.602059991,0.397940009
